login,password,family_name,preferred_username,given_name,gender,email,phone_number,birthdate,birthplace,birthcountry,country,locality,postal_code,street_address
3999999915247,123,CIS TRENTE,,PRENOM MARTINE,female,martinelaplage@yopmail.com,123456789,1928-07-06,25030,99100,France,Paris,75107,20 avenue de Ségur
3999999923255,123,CIS TRENTEHUIT,,PNM LEA,female,leasaindoux+123@yopmail.com,123456789,1973-02-10,57089,99100,France,Paris,75107,20 avenue de Ségur
3999999930262,123,CIS QUARANTECINQ,,PRENOM ERIC,male,wavyppasseze-3152@yopmail.com,123456789,1982-10-12,51054,99100,France,Paris,75107,20 avenue de Ségur
3999999931263,123,CIS QUARANTESIX,,PNM EMMA,female,ursaznxvivcj-1912@yopmail.com,123456789,1976-11-17,86190,99100,France,Paris,75107,20 avenue de Ségur
3999999932264,123,CIS QUARANTESEPT,,PRENOM YVES,male,atedacec-8580@yopmail.com,123456789,1967-11-12,51032,99100,France,Paris,75107,20 avenue de Ségur
3999999936268,123,CIS CINQUANTEUN,,PRENOM GAUTIER,male,owularot-9894@yopmail.com,123456789,1977-01-23,75001,99100,France,Paris,75107,20 avenue de Ségur
3999999942274,123,CIS CINQUANTESEPT,,PRENOM CHARLES,male,ivappedaj-7473@yopmail.com,123456789,1932-04-28,70249,99100,France,Paris,75107,20 avenue de Ségur
3999999943275,123,CIS CINQUANTEHUIT,,PRENOM JOSEPH,male,zeneffebek-0291@yopmail.com,123456789,1984-12-15,50151,99100,France,Paris,75107,20 avenue de Ségur